{
  "timestamp": "2026-03-24T10:43:22.142334",
  "window_size": 30,
  "sequence_stride": 2,
  "max_rul": 125,
  "feature_cols": [
    "unit",
    "cycle",
    "op_setting_1",
    "op_setting_2",
    "op_setting_3",
    "sensor_1",
    "sensor_2",
    "sensor_3",
    "sensor_4",
    "sensor_5",
    "sensor_6",
    "sensor_7",
    "sensor_8",
    "sensor_9",
    "sensor_10",
    "sensor_11",
    "sensor_12",
    "sensor_13",
    "sensor_14",
    "sensor_15",
    "sensor_17",
    "sensor_18",
    "sensor_19",
    "sensor_20",
    "sensor_21"
  ],
  "best_model": "GRU",
  "overall_rmse_lstm": 17.59945297241211,
  "overall_rmse_gru": 16.08108139038086,
  "overall_mae_lstm": 12.507258415222168,
  "overall_mae_gru": 11.655866622924805,
  "overall_r2_lstm": 0.628438246456972,
  "overall_r2_gru": 0.6897847452075639,
  "picp_95": 0.25126694166175606,
  "datasets": [
    "FD001",
    "FD002",
    "FD003",
    "FD004"
  ]
}