{
  "overall_metrics": {
    "lstm": {
      "RMSE": 16.110987052586,
      "MAE": 11.202958106994629,
      "R2": 0.6886298656463623
    },
    "gru": {
      "RMSE": 15.570992599923583,
      "MAE": 10.597416877746582,
      "R2": 0.7091525197029114
    },
    "best_model": "GRU"
  },
  "per_dataset_metrics": [
    {
      "dataset": "FD001",
      "lstm_rmse": 16.253702064777332,
      "gru_rmse": 15.740364639343403,
      "lstm_mae": 12.386356353759766,
      "gru_mae": 10.707016944885254,
      "lstm_r2": 0.7003872394561768,
      "gru_r2": 0.7190136909484863
    },
    {
      "dataset": "FD002",
      "lstm_rmse": 16.826027572110473,
      "gru_rmse": 16.579537779987923,
      "lstm_mae": 11.809073448181152,
      "gru_mae": 12.042957305908203,
      "lstm_r2": 0.7048786878585815,
      "gru_r2": 0.7134619951248169
    },
    {
      "dataset": "FD003",
      "lstm_rmse": 14.767359975780941,
      "gru_rmse": 13.116918200965511,
      "lstm_mae": 11.170042037963867,
      "gru_mae": 8.348417282104492,
      "lstm_r2": 0.6905595064163208,
      "gru_r2": 0.7558622360229492
    },
    {
      "dataset": "FD004",
      "lstm_rmse": 16.016372886501273,
      "gru_rmse": 15.618094177032493,
      "lstm_mae": 10.389908790588379,
      "gru_mae": 10.34335994720459,
      "lstm_r2": 0.6564527750015259,
      "gru_r2": 0.6733262538909912
    }
  ]
}